symboling,fueltype,aspiration,doornumber,carbody,drivewheel,wheelbase,carlength,carwidth,carheight,curbweight,enginetype,cylindernumber,enginesize,fuelsystem,boreratio,stroke,compressionratio,horsepower,peakrpm,citympg,highwaympg,price,manufacturer,model,compressionratio_bin,price_per_hp,power_to_weight_ratio,engine_efficiency,avg_mpg,price_per_mpg
3,petrol,std,two,convertible,rwd,88.6,168.8,64.1,48.8,2548,dohc,four,130,mpfi,3.47,2.68,9.0,111,5000,21,27,13495.0,alfa-romero,giulia,Low,121.57657657657657,0.04356357927786499,0.8538461538461538,24.0,562.2916666666666
3,petrol,std,two,convertible,rwd,88.6,168.8,64.1,48.8,2548,dohc,four,130,mpfi,3.47,2.68,9.0,111,5000,21,27,16500.0,alfa-romero,stelvio,Low,148.64864864864865,0.04356357927786499,0.8538461538461538,24.0,687.5
1,petrol,std,two,hatchback,rwd,94.5,171.2,65.5,52.4,2823,ohcv,six,152,mpfi,2.68,3.47,9.0,154,5000,19,26,16500.0,alfa-romero,Quadrifoglio,Low,107.14285714285714,0.05455189514700673,1.013157894736842,22.5,733.3333333333334
2,petrol,std,four,sedan,fwd,99.8,176.6,66.2,54.3,2337,ohc,four,109,mpfi,3.19,3.4,10.0,102,5500,24,30,13950.0,audi,100 ls,Standard,136.76470588235293,0.043645699614890884,0.9357798165137615,27.0,516.6666666666666
2,petrol,std,four,sedan,4wd,99.4,176.6,66.4,54.3,2824,ohc,five,136,mpfi,3.19,3.4,8.0,115,5500,18,22,17450.0,audi,100ls,Low,151.7391304347826,0.04072237960339943,0.8455882352941176,20.0,872.5
2,petrol,std,two,sedan,fwd,99.8,177.3,66.3,53.1,2507,ohc,five,136,mpfi,3.19,3.4,8.5,110,5500,19,25,15250.0,audi,fox,Low,138.63636363636363,0.043877143996808934,0.8088235294117647,22.0,693.1818181818181
1,petrol,std,four,sedan,fwd,105.8,192.7,71.4,55.7,2844,ohc,five,136,mpfi,3.19,3.4,8.5,110,5500,19,25,17710.0,audi,100ls,Low,161.0,0.03867791842475387,0.8088235294117647,22.0,805.0
1,petrol,std,four,wagon,fwd,105.8,192.7,71.4,55.7,2954,ohc,five,136,mpfi,3.19,3.4,8.5,110,5500,19,25,18920.0,audi,5000,Low,172.0,0.037237643872714964,0.8088235294117647,22.0,860.0
1,petrol,turbo,four,sedan,fwd,105.8,192.7,71.4,55.9,3086,ohc,five,131,mpfi,3.13,3.4,8.3,140,5500,17,20,23875.0,audi,4000,Low,170.53571428571428,0.04536616979909268,1.0687022900763359,18.5,1290.5405405405406
0,petrol,turbo,two,hatchback,4wd,99.5,178.2,67.9,52.0,3053,ohc,five,131,mpfi,3.13,3.4,7.0,160,5500,16,22,17859.167,audi,5000s (diesel),,111.61979375000001,0.05240746806419915,1.2213740458015268,19.0,939.9561578947369
2,petrol,std,two,sedan,rwd,101.2,176.8,64.8,54.3,2395,ohc,four,108,mpfi,3.5,2.8,8.8,101,5800,23,29,16430.0,bmw,320i,Low,162.67326732673268,0.042171189979123176,0.9351851851851852,26.0,631.9230769230769
0,petrol,std,four,sedan,rwd,101.2,176.8,64.8,54.3,2395,ohc,four,108,mpfi,3.5,2.8,8.8,101,5800,23,29,16925.0,bmw,320i,Low,167.5742574257426,0.042171189979123176,0.9351851851851852,26.0,650.9615384615385
0,petrol,std,two,sedan,rwd,101.2,176.8,64.8,54.3,2710,ohc,six,164,mpfi,3.31,3.19,9.0,121,4250,21,28,20970.0,bmw,x1,Low,173.30578512396696,0.044649446494464944,0.7378048780487805,24.5,855.9183673469388
0,petrol,std,four,sedan,rwd,101.2,176.8,64.8,54.3,2765,ohc,six,164,mpfi,3.31,3.19,9.0,121,4250,21,28,21105.0,bmw,x3,Low,174.4214876033058,0.04376130198915009,0.7378048780487805,24.5,861.4285714285714
1,petrol,std,four,sedan,rwd,103.5,189.0,66.9,55.7,3055,ohc,six,164,mpfi,3.31,3.19,9.0,121,4250,20,25,24565.0,bmw,z4,Low,203.01652892561984,0.03960720130932897,0.7378048780487805,22.5,1091.7777777777778
0,petrol,std,four,sedan,rwd,103.5,189.0,66.9,55.7,3230,ohc,six,209,mpfi,3.62,3.39,8.0,182,5400,16,22,30760.0,bmw,x4,Low,169.01098901098902,0.056346749226006194,0.8708133971291866,19.0,1618.9473684210527
0,petrol,std,two,sedan,rwd,103.5,193.8,67.9,53.7,3380,ohc,six,209,mpfi,3.62,3.39,8.0,182,5400,16,22,41315.0,bmw,x5,Low,227.0054945054945,0.05384615384615385,0.8708133971291866,19.0,2174.4736842105262
0,petrol,std,four,sedan,rwd,110.0,197.0,70.9,56.3,3505,ohc,six,209,mpfi,3.62,3.39,8.0,182,5400,15,20,36880.0,bmw,x3,Low,202.63736263736263,0.051925820256776035,0.8708133971291866,17.5,2107.4285714285716
2,petrol,std,two,hatchback,fwd,88.4,141.1,60.3,53.2,1488,l,three,61,2bbl,2.91,3.03,9.5,48,5100,47,53,5151.0,chevrolet,impala,Standard,107.3125,0.03225806451612903,0.7868852459016393,50.0,103.02
1,petrol,std,two,hatchback,fwd,94.5,155.9,63.6,52.0,1874,ohc,four,90,2bbl,3.03,3.11,9.6,70,5400,38,43,6295.0,chevrolet,monte carlo,Standard,89.92857142857143,0.03735325506937033,0.7777777777777778,40.5,155.4320987654321
0,petrol,std,four,sedan,fwd,94.5,158.8,63.6,52.0,1909,ohc,four,90,2bbl,3.03,3.11,9.6,70,5400,38,43,6575.0,chevrolet,vega 2300,Standard,93.92857142857143,0.03666841278156103,0.7777777777777778,40.5,162.34567901234567
1,petrol,std,two,hatchback,fwd,93.7,157.3,63.8,50.8,1876,ohc,four,90,2bbl,2.97,3.23,9.41,68,5500,37,41,5572.0,dodge,rampage,Standard,81.94117647058823,0.03624733475479744,0.7555555555555555,39.0,142.87179487179486
1,petrol,std,two,hatchback,fwd,93.7,157.3,63.8,50.8,1876,ohc,four,90,2bbl,2.97,3.23,9.4,68,5500,31,38,6377.0,dodge,challenger se,Standard,93.77941176470588,0.03624733475479744,0.7555555555555555,34.5,184.84057971014494
1,petrol,turbo,two,hatchback,fwd,93.7,157.3,63.8,50.8,2128,ohc,four,98,mpfi,3.03,3.39,7.6,102,5500,24,30,7957.0,dodge,d200,Low,78.00980392156863,0.047932330827067667,1.0408163265306123,27.0,294.7037037037037
1,petrol,std,four,hatchback,fwd,93.7,157.3,63.8,50.6,1967,ohc,four,90,2bbl,2.97,3.23,9.4,68,5500,31,38,6229.0,dodge,monaco (sw),Standard,91.6029411764706,0.03457041179461108,0.7555555555555555,34.5,180.55072463768116
1,petrol,std,four,sedan,fwd,93.7,157.3,63.8,50.6,1989,ohc,four,90,2bbl,2.97,3.23,9.4,68,5500,31,38,6692.0,dodge,colt hardtop,Standard,98.41176470588235,0.03418803418803419,0.7555555555555555,34.5,193.97101449275362
1,petrol,std,four,sedan,fwd,93.7,157.3,63.8,50.6,1989,ohc,four,90,2bbl,2.97,3.23,9.4,68,5500,31,38,7609.0,dodge,colt (sw),Standard,111.8970588235294,0.03418803418803419,0.7555555555555555,34.5,220.55072463768116
1,petrol,turbo,two,sedan,fwd,93.7,157.3,63.8,50.6,2191,ohc,four,98,mpfi,3.03,3.39,7.6,102,5500,24,30,8558.0,dodge,coronet custom,Low,83.90196078431373,0.04655408489274304,1.0408163265306123,27.0,316.962962962963
-1,petrol,std,four,wagon,fwd,103.3,174.6,64.6,59.8,2535,ohc,four,122,2bbl,3.34,3.46,8.5,88,5000,24,30,8921.0,dodge,dart custom,Low,101.375,0.03471400394477318,0.7213114754098361,27.0,330.4074074074074
3,petrol,turbo,two,hatchback,fwd,95.9,173.2,66.3,50.2,2811,ohc,four,156,mfi,3.6,3.9,7.0,145,5000,19,24,12964.0,dodge,coronet custom (sw),,89.40689655172413,0.05158306652436855,0.9294871794871795,21.5,602.9767441860465
2,petrol,std,two,hatchback,fwd,86.6,144.6,63.9,50.8,1713,ohc,four,92,1bbl,2.91,3.41,9.6,58,4800,49,54,6479.0,honda,civic,Standard,111.70689655172414,0.033858727378867484,0.6304347826086957,51.5,125.80582524271844
2,petrol,std,two,hatchback,fwd,86.6,144.6,63.9,50.8,1819,ohc,four,92,1bbl,2.91,3.41,9.2,76,6000,31,38,6855.0,honda,civic cvcc,Standard,90.19736842105263,0.04178119846069269,0.8260869565217391,34.5,198.69565217391303
1,petrol,std,two,hatchback,fwd,93.7,150.0,64.0,52.6,1837,ohc,four,79,1bbl,2.91,3.07,10.1,60,5500,38,42,5399.0,honda,civic,Standard,89.98333333333333,0.0326619488296135,0.759493670886076,40.0,134.975
1,petrol,std,two,hatchback,fwd,93.7,150.0,64.0,52.6,1940,ohc,four,92,1bbl,2.91,3.41,9.2,76,6000,30,34,6529.0,honda,accord cvcc,Standard,85.90789473684211,0.03917525773195876,0.8260869565217391,32.0,204.03125
1,petrol,std,two,hatchback,fwd,93.7,150.0,64.0,52.6,1956,ohc,four,92,1bbl,2.91,3.41,9.2,76,6000,30,34,7129.0,honda,civic cvcc,Standard,93.80263157894737,0.03885480572597137,0.8260869565217391,32.0,222.78125
0,petrol,std,four,sedan,fwd,96.5,163.4,64.0,54.5,2010,ohc,four,92,1bbl,2.91,3.41,9.2,76,6000,30,34,7295.0,honda,accord lx,Standard,95.98684210526316,0.03781094527363184,0.8260869565217391,32.0,227.96875
0,petrol,std,four,wagon,fwd,96.5,157.1,63.9,58.3,2024,ohc,four,92,1bbl,2.92,3.41,9.2,76,6000,30,34,7295.0,honda,civic 1500 gl,Standard,95.98684210526316,0.037549407114624504,0.8260869565217391,32.0,227.96875
0,petrol,std,two,hatchback,fwd,96.5,167.5,65.2,53.3,2236,ohc,four,110,1bbl,3.15,3.58,9.0,86,5800,27,33,7895.0,honda,accord,Low,91.80232558139535,0.038461538461538464,0.7818181818181819,30.0,263.1666666666667
0,petrol,std,two,hatchback,fwd,96.5,167.5,65.2,53.3,2289,ohc,four,110,1bbl,3.15,3.58,9.0,86,5800,27,33,9095.0,honda,civic 1300,Low,105.75581395348837,0.037570991699432066,0.7818181818181819,30.0,303.1666666666667
0,petrol,std,four,sedan,fwd,96.5,175.4,65.2,54.1,2304,ohc,four,110,1bbl,3.15,3.58,9.0,86,5800,27,33,8845.0,honda,prelude,Low,102.84883720930233,0.03732638888888889,0.7818181818181819,30.0,294.8333333333333
0,petrol,std,four,sedan,fwd,96.5,175.4,62.5,54.1,2372,ohc,four,110,1bbl,3.15,3.58,9.0,86,5800,27,33,10295.0,honda,accord,Low,119.70930232558139,0.03625632377740304,0.7818181818181819,30.0,343.1666666666667
0,petrol,std,four,sedan,fwd,96.5,175.4,65.2,54.1,2465,ohc,four,110,mpfi,3.15,3.58,9.0,101,5800,24,28,12945.0,honda,civic,Low,128.16831683168317,0.040973630831643,0.9181818181818182,26.0,497.88461538461536
1,petrol,std,two,sedan,fwd,96.5,169.1,66.0,51.0,2293,ohc,four,110,2bbl,3.15,3.58,9.1,100,5500,25,31,10345.0,honda,civic (auto),Standard,103.45,0.043610989969472304,0.9090909090909091,28.0,369.4642857142857
0,petrol,std,four,sedan,rwd,94.3,170.7,61.8,53.5,2337,ohc,four,111,2bbl,3.31,3.23,8.5,78,4800,24,29,6785.0,isuzu,MU-X,Low,86.98717948717949,0.03337612323491656,0.7027027027027027,26.5,256.0377358490566
1,petrol,std,two,sedan,fwd,94.5,155.9,63.6,52.0,1874,ohc,four,90,2bbl,3.03,3.11,9.6,70,5400,38,43,8916.5,isuzu,D-Max ,Standard,127.37857142857143,0.03735325506937033,0.7777777777777778,40.5,220.1604938271605
0,petrol,std,four,sedan,fwd,94.5,155.9,63.6,52.0,1909,ohc,four,90,2bbl,3.03,3.11,9.6,70,5400,38,43,8916.5,isuzu,D-Max V-Cross,Standard,127.37857142857143,0.03666841278156103,0.7777777777777778,40.5,220.1604938271605
2,petrol,std,two,hatchback,rwd,96.0,172.6,65.2,51.4,2734,ohc,four,119,spfi,3.43,3.23,9.2,90,5000,24,29,11048.0,isuzu,D-Max ,Standard,122.75555555555556,0.03291880029261156,0.7563025210084033,26.5,416.9056603773585
0,petrol,std,four,sedan,rwd,113.0,199.6,69.6,52.8,4066,dohc,six,258,mpfi,3.63,4.17,8.1,176,4750,15,19,32250.0,jaguar,xj,Low,183.23863636363637,0.04328578455484506,0.6821705426356589,17.0,1897.0588235294117
0,petrol,std,four,sedan,rwd,113.0,199.6,69.6,52.8,4066,dohc,six,258,mpfi,3.63,4.17,8.1,176,4750,15,19,35550.0,jaguar,xf,Low,201.98863636363637,0.04328578455484506,0.6821705426356589,17.0,2091.176470588235
0,petrol,std,two,sedan,rwd,102.0,191.7,70.6,47.8,3950,ohcv,twelve,326,mpfi,3.54,2.76,11.5,262,5000,13,17,36000.0,jaguar,xk,Standard,137.40458015267177,0.06632911392405064,0.803680981595092,15.0,2400.0
1,petrol,std,two,hatchback,fwd,93.1,159.1,64.2,54.1,1890,ohc,four,91,2bbl,3.03,3.15,9.0,68,5000,30,31,5195.0,mazda,rx3,Low,76.3970588235294,0.03597883597883598,0.7472527472527473,30.5,170.327868852459
1,petrol,std,two,hatchback,fwd,93.1,159.1,64.2,54.1,1900,ohc,four,91,2bbl,3.03,3.15,9.0,68,5000,31,38,6095.0,mazda,glc deluxe,Low,89.63235294117646,0.035789473684210524,0.7472527472527473,34.5,176.66666666666666
1,petrol,std,two,hatchback,fwd,93.1,159.1,64.2,54.1,1905,ohc,four,91,2bbl,3.03,3.15,9.0,68,5000,31,38,6795.0,mazda,rx2 coupe,Low,99.92647058823529,0.03569553805774278,0.7472527472527473,34.5,196.95652173913044
1,petrol,std,four,sedan,fwd,93.1,166.8,64.2,54.1,1945,ohc,four,91,2bbl,3.03,3.15,9.0,68,5000,31,38,6695.0,mazda,rx-4,Low,98.45588235294117,0.03496143958868895,0.7472527472527473,34.5,194.05797101449275
1,petrol,std,four,sedan,fwd,93.1,166.8,64.2,54.1,1950,ohc,four,91,2bbl,3.08,3.15,9.0,68,5000,31,38,7395.0,mazda,glc deluxe,Low,108.75,0.03487179487179487,0.7472527472527473,34.5,214.34782608695653
3,petrol,std,two,hatchback,rwd,95.3,169.0,65.7,49.6,2380,rotor,two,70,4bbl,3.33,3.255,9.4,101,6000,17,23,10945.0,mazda,626,Standard,108.36633663366337,0.04243697478991597,1.4428571428571428,20.0,547.25
3,petrol,std,two,hatchback,rwd,95.3,169.0,65.7,49.6,2380,rotor,two,70,4bbl,3.33,3.255,9.4,101,6000,17,23,11845.0,mazda,glc,Standard,117.27722772277228,0.04243697478991597,1.4428571428571428,20.0,592.25
3,petrol,std,two,hatchback,rwd,95.3,169.0,65.7,49.6,2385,rotor,two,70,4bbl,3.33,3.255,9.4,101,6000,17,23,13645.0,mazda,rx-7 gs,Standard,135.0990099009901,0.042348008385744235,1.4428571428571428,20.0,682.25
3,petrol,std,two,hatchback,rwd,95.3,169.0,65.7,49.6,2500,rotor,two,80,mpfi,3.33,3.255,9.4,135,6000,16,23,15645.0,mazda,glc 4,Standard,115.88888888888889,0.054,1.6875,19.5,802.3076923076923
1,petrol,std,two,hatchback,fwd,98.8,177.8,66.5,53.7,2385,ohc,four,122,2bbl,3.39,3.39,8.6,84,4800,26,32,8845.0,mazda,626,Low,105.29761904761905,0.03522012578616352,0.6885245901639344,29.0,305.0
0,petrol,std,four,sedan,fwd,98.8,177.8,66.5,55.5,2410,ohc,four,122,2bbl,3.39,3.39,8.6,84,4800,26,32,8495.0,mazda,glc custom l,Low,101.13095238095238,0.034854771784232366,0.6885245901639344,29.0,292.9310344827586
1,petrol,std,two,hatchback,fwd,98.8,177.8,66.5,53.7,2385,ohc,four,122,2bbl,3.39,3.39,8.6,84,4800,26,32,10595.0,mazda,glc custom,Low,126.13095238095238,0.03522012578616352,0.6885245901639344,29.0,365.3448275862069
0,petrol,std,four,sedan,fwd,98.8,177.8,66.5,55.5,2410,ohc,four,122,2bbl,3.39,3.39,8.6,84,4800,26,32,10245.0,mazda,rx-4,Low,121.96428571428571,0.034854771784232366,0.6885245901639344,29.0,353.2758620689655
0,diesel,std,four,sedan,fwd,98.8,177.8,66.5,55.5,2443,ohc,four,122,idi,3.39,3.39,22.7,64,4650,36,42,10795.0,mazda,glc deluxe,High,168.671875,0.026197298403602128,0.5245901639344263,39.0,276.79487179487177
0,petrol,std,four,hatchback,fwd,98.8,177.8,66.5,55.5,2425,ohc,four,122,2bbl,3.39,3.39,8.6,84,4800,26,32,11245.0,mazda,626,Low,133.86904761904762,0.03463917525773196,0.6885245901639344,29.0,387.7586206896552
0,petrol,std,four,sedan,rwd,104.9,175.0,66.1,54.4,2670,ohc,four,140,mpfi,3.76,3.16,8.0,120,5000,19,27,18280.0,mazda,glc,Low,152.33333333333334,0.0449438202247191,0.8571428571428571,23.0,794.7826086956521
0,diesel,std,four,sedan,rwd,104.9,175.0,66.1,54.4,2700,ohc,four,134,idi,3.43,3.64,22.0,72,4200,31,39,18344.0,mazda,rx-7 gs,High,254.77777777777777,0.02666666666666667,0.5373134328358209,35.0,524.1142857142858
-1,diesel,turbo,four,sedan,rwd,110.0,190.9,70.3,56.5,3515,ohc,five,183,idi,3.58,3.64,21.5,123,4350,22,25,25552.0,buick,electra 225 custom,High,207.739837398374,0.03499288762446657,0.6721311475409836,23.5,1087.3191489361702
-1,diesel,turbo,four,wagon,rwd,110.0,190.9,70.3,58.7,3750,ohc,five,183,idi,3.58,3.64,21.5,123,4350,22,25,28248.0,buick,century luxus (sw),High,229.65853658536585,0.0328,0.6721311475409836,23.5,1202.0425531914893
0,diesel,turbo,two,convertible,rwd,106.7,187.5,70.3,54.9,3495,ohc,five,183,idi,3.58,3.64,21.5,123,4350,22,25,28176.0,buick,century,High,229.0731707317073,0.0351931330472103,0.6721311475409836,23.5,1198.9787234042553
-1,diesel,turbo,four,sedan,rwd,115.6,202.6,71.7,56.3,3770,ohc,five,183,idi,3.58,3.64,21.5,123,4350,22,25,31600.0,buick,skyhawk,High,256.9105691056911,0.03262599469496021,0.6721311475409836,23.5,1344.6808510638298
-1,petrol,std,four,sedan,rwd,115.6,202.6,71.7,56.5,3740,ohcv,eight,234,mpfi,3.46,3.1,8.3,155,4750,16,18,34184.0,buick,opel isuzu deluxe,Low,220.54193548387096,0.04144385026737968,0.6623931623931624,17.0,2010.8235294117646
3,petrol,std,two,convertible,rwd,96.6,180.3,70.5,50.8,3685,ohcv,eight,234,mpfi,3.46,3.1,8.3,155,4750,16,18,35056.0,buick,skylark,Low,226.16774193548386,0.04206241519674356,0.6623931623931624,17.0,2062.1176470588234
0,petrol,std,four,sedan,rwd,120.9,208.1,71.7,56.7,3900,ohcv,eight,308,mpfi,3.8,3.35,8.0,184,4500,14,16,40960.0,buick,century special,Low,222.6086956521739,0.04717948717948718,0.5974025974025974,15.0,2730.6666666666665
1,petrol,std,two,convertible,rwd,112.0,199.2,72.0,55.4,3715,ohcv,eight,304,mpfi,3.8,3.35,8.0,184,4500,14,16,45400.0,buick,regal sport coupe (turbo),Low,246.7391304347826,0.04952893674293405,0.6052631578947368,15.0,3026.6666666666665
1,petrol,turbo,two,hatchback,rwd,102.7,178.4,68.0,54.8,2910,ohc,four,140,mpfi,3.78,3.12,8.0,175,5000,19,24,16503.0,mercury,cougar,Low,94.30285714285715,0.06013745704467354,1.25,21.5,767.5813953488372
2,petrol,std,two,hatchback,fwd,93.7,157.3,64.4,50.8,1918,ohc,four,92,2bbl,2.97,3.23,9.4,68,5500,37,41,5389.0,mitsubishi,mirage,Standard,79.25,0.035453597497393116,0.7391304347826086,39.0,138.17948717948718
2,petrol,std,two,hatchback,fwd,93.7,157.3,64.4,50.8,1944,ohc,four,92,2bbl,2.97,3.23,9.4,68,5500,31,38,6189.0,mitsubishi,lancer,Standard,91.01470588235294,0.03497942386831276,0.7391304347826086,34.5,179.3913043478261
2,petrol,std,two,hatchback,fwd,93.7,157.3,64.4,50.8,2004,ohc,four,92,2bbl,2.97,3.23,9.4,68,5500,31,38,6669.0,mitsubishi,outlander,Standard,98.07352941176471,0.033932135728542916,0.7391304347826086,34.5,193.30434782608697
1,petrol,turbo,two,hatchback,fwd,93.0,157.3,63.8,50.8,2145,ohc,four,98,spdi,3.03,3.39,7.6,102,5500,24,30,7689.0,mitsubishi,g4,Low,75.38235294117646,0.04755244755244755,1.0408163265306123,27.0,284.77777777777777
3,petrol,turbo,two,hatchback,fwd,96.3,173.0,65.4,49.4,2370,ohc,four,110,spdi,3.17,3.46,7.5,116,5500,23,30,9959.0,mitsubishi,mirage g4,Low,85.85344827586206,0.048945147679324896,1.0545454545454545,26.5,375.811320754717
3,petrol,std,two,hatchback,fwd,96.3,173.0,65.4,49.4,2328,ohc,four,122,2bbl,3.35,3.46,8.5,88,5000,25,32,8499.0,mitsubishi,g4,Low,96.57954545454545,0.037800687285223365,0.7213114754098361,28.5,298.2105263157895
3,petrol,turbo,two,hatchback,fwd,95.9,173.2,66.3,50.2,2833,ohc,four,156,spdi,3.58,3.86,7.0,145,5000,19,24,12629.0,mitsubishi,outlander,,87.09655172413792,0.05118249205788916,0.9294871794871795,21.5,587.3953488372093
3,petrol,turbo,two,hatchback,fwd,95.9,173.2,66.3,50.2,2921,ohc,four,156,spdi,3.59,3.86,7.0,145,5000,19,24,14869.0,mitsubishi,g4,,102.54482758620689,0.04964053406367682,0.9294871794871795,21.5,691.5813953488372
3,petrol,turbo,two,hatchback,fwd,95.9,173.2,66.3,50.2,2926,ohc,four,156,spdi,3.59,3.86,7.0,145,5000,19,24,14489.0,mitsubishi,mirage g4,,99.92413793103448,0.04955570745044429,0.9294871794871795,21.5,673.9069767441861
1,petrol,std,four,sedan,fwd,96.3,172.4,65.4,51.6,2365,ohc,four,122,2bbl,3.35,3.46,8.5,88,5000,25,32,6989.0,mitsubishi,montero,Low,79.42045454545455,0.037209302325581395,0.7213114754098361,28.5,245.2280701754386
1,petrol,std,four,sedan,fwd,96.3,172.4,65.4,51.6,2405,ohc,four,122,2bbl,3.35,3.46,8.5,88,5000,25,32,8189.0,mitsubishi,pajero,Low,93.05681818181819,0.03659043659043659,0.7213114754098361,28.5,287.3333333333333
1,petrol,turbo,four,sedan,fwd,96.3,172.4,65.4,51.6,2403,ohc,four,110,spdi,3.17,3.46,7.5,116,5500,23,30,9279.0,mitsubishi,outlander,Low,79.99137931034483,0.04827299209321681,1.0545454545454545,26.5,350.1509433962264
-1,petrol,std,four,sedan,fwd,96.3,172.4,65.4,51.6,2403,ohc,four,110,spdi,3.17,3.46,7.5,116,5500,23,30,9279.0,mitsubishi,mirage g4,Low,79.99137931034483,0.04827299209321681,1.0545454545454545,26.5,350.1509433962264
1,petrol,std,two,sedan,fwd,94.5,165.3,63.8,54.5,1889,ohc,four,97,2bbl,3.15,3.29,9.4,69,5200,31,37,5499.0,nissan,versa,Standard,79.69565217391305,0.036527263102170464,0.711340206185567,34.0,161.73529411764707
1,diesel,std,two,sedan,fwd,94.5,165.3,63.8,54.5,2017,ohc,four,103,idi,2.99,3.47,21.9,55,4800,45,50,7099.0,nissan,gt-r,High,129.07272727272726,0.027268220128904314,0.5339805825242718,47.5,149.45263157894738
1,petrol,std,two,sedan,fwd,94.5,165.3,63.8,54.5,1918,ohc,four,97,2bbl,3.15,3.29,9.4,69,5200,31,37,6649.0,nissan,rogue,Standard,96.3623188405797,0.03597497393117831,0.711340206185567,34.0,195.55882352941177
1,petrol,std,four,sedan,fwd,94.5,165.3,63.8,54.5,1938,ohc,four,97,2bbl,3.15,3.29,9.4,69,5200,31,37,6849.0,nissan,latio,Standard,99.26086956521739,0.03560371517027864,0.711340206185567,34.0,201.44117647058823
1,petrol,std,four,wagon,fwd,94.5,170.2,63.8,53.5,2024,ohc,four,97,2bbl,3.15,3.29,9.4,69,5200,31,37,7349.0,nissan,titan,Standard,106.5072463768116,0.03409090909090909,0.711340206185567,34.0,216.14705882352942
1,petrol,std,two,sedan,fwd,94.5,165.3,63.8,54.5,1951,ohc,four,97,2bbl,3.15,3.29,9.4,69,5200,31,37,7299.0,nissan,leaf,Standard,105.78260869565217,0.035366478728856995,0.711340206185567,34.0,214.6764705882353
1,petrol,std,two,hatchback,fwd,94.5,165.6,63.8,53.3,2028,ohc,four,97,2bbl,3.15,3.29,9.4,69,5200,31,37,7799.0,nissan,juke,Standard,113.02898550724638,0.034023668639053255,0.711340206185567,34.0,229.38235294117646
1,petrol,std,four,sedan,fwd,94.5,165.3,63.8,54.5,1971,ohc,four,97,2bbl,3.15,3.29,9.4,69,5200,31,37,7499.0,nissan,latio,Standard,108.68115942028986,0.0350076103500761,0.711340206185567,34.0,220.55882352941177
1,petrol,std,four,wagon,fwd,94.5,170.2,63.8,53.5,2037,ohc,four,97,2bbl,3.15,3.29,9.4,69,5200,31,37,7999.0,nissan,note,Standard,115.92753623188406,0.033873343151693665,0.711340206185567,34.0,235.26470588235293
2,petrol,std,two,convertible,fwd,95.1,162.4,63.8,53.3,2008,ohc,four,97,2bbl,3.15,3.29,9.4,69,5200,31,37,8249.0,nissan,clipper,Standard,119.55072463768116,0.03436254980079681,0.711340206185567,34.0,242.61764705882354
0,petrol,std,four,hatchback,fwd,97.2,173.4,65.2,54.7,2324,ohc,four,120,2bbl,3.33,3.47,8.5,97,5200,27,34,8949.0,nissan,rogue,Low,92.25773195876289,0.04173838209982788,0.8083333333333333,30.5,293.40983606557376
0,petrol,std,four,sedan,fwd,97.2,173.4,65.2,54.7,2302,ohc,four,120,2bbl,3.33,3.47,8.5,97,5200,27,34,9549.0,nissan,nv200,Low,98.44329896907216,0.0421372719374457,0.8083333333333333,30.5,313.08196721311475
0,petrol,std,four,sedan,fwd,100.4,181.7,66.5,55.1,3095,ohcv,six,181,mpfi,3.43,3.27,9.0,152,5200,17,22,13499.0,nissan,dayz,Low,88.8092105263158,0.04911147011308562,0.8397790055248618,19.5,692.2564102564103
0,petrol,std,four,wagon,fwd,100.4,184.6,66.5,56.1,3296,ohcv,six,181,mpfi,3.43,3.27,9.0,152,5200,17,22,14399.0,nissan,fuga,Low,94.73026315789474,0.04611650485436893,0.8397790055248618,19.5,738.4102564102565
0,petrol,std,four,sedan,fwd,100.4,184.6,66.5,55.1,3060,ohcv,six,181,mpfi,3.43,3.27,9.0,152,5200,19,25,13499.0,nissan,otti,Low,88.8092105263158,0.04967320261437908,0.8397790055248618,22.0,613.5909090909091
3,petrol,std,two,hatchback,rwd,91.3,170.7,67.9,49.7,3071,ohcv,six,181,mpfi,3.43,3.27,9.0,160,5200,19,25,17199.0,nissan,teana,Low,107.49375,0.052100293064148484,0.8839779005524862,22.0,781.7727272727273
3,petrol,turbo,two,hatchback,rwd,91.3,170.7,67.9,49.7,3139,ohcv,six,181,mpfi,3.43,3.27,7.8,200,5200,17,23,19699.0,nissan,kicks,Low,98.495,0.06371455877668047,1.1049723756906078,20.0,984.95
1,petrol,std,two,hatchback,rwd,99.2,178.5,67.9,49.7,3139,ohcv,six,181,mpfi,3.43,3.27,9.0,160,5200,19,25,18399.0,nissan,clipper,Low,114.99375,0.05097164702134438,0.8839779005524862,22.0,836.3181818181819
0,petrol,std,four,sedan,rwd,107.9,186.7,68.4,56.7,3020,l,four,120,mpfi,3.46,3.19,8.4,97,5000,19,24,11900.0,peugeot,504,Low,122.68041237113403,0.032119205298013244,0.8083333333333333,21.5,553.4883720930233
0,diesel,turbo,four,sedan,rwd,107.9,186.7,68.4,56.7,3197,l,four,152,idi,3.7,3.52,21.0,95,4150,28,33,13200.0,peugeot,304,High,138.94736842105263,0.029715358148264,0.625,30.5,432.78688524590166
0,petrol,std,four,wagon,rwd,114.2,198.9,68.4,58.7,3230,l,four,120,mpfi,3.46,3.19,8.4,97,5000,19,24,12440.0,peugeot,504 (sw),Low,128.24742268041237,0.030030959752321982,0.8083333333333333,21.5,578.6046511627907
0,diesel,turbo,four,wagon,rwd,114.2,198.9,68.4,58.7,3430,l,four,152,idi,3.7,3.52,21.0,95,4150,25,25,13860.0,peugeot,504,High,145.89473684210526,0.027696793002915453,0.625,25.0,554.4
0,petrol,std,four,sedan,rwd,107.9,186.7,68.4,56.7,3075,l,four,120,mpfi,3.46,2.19,8.4,95,5000,19,24,15580.0,peugeot,504,Low,164.0,0.030894308943089432,0.7916666666666666,21.5,724.6511627906976
0,diesel,turbo,four,sedan,rwd,107.9,186.7,68.4,56.7,3252,l,four,152,idi,3.7,3.52,21.0,95,4150,28,33,16900.0,peugeot,604sl,High,177.89473684210526,0.02921279212792128,0.625,30.5,554.0983606557377
0,petrol,std,four,wagon,rwd,114.2,198.9,68.4,56.7,3285,l,four,120,mpfi,3.46,2.19,8.4,95,5000,19,24,16695.0,peugeot,504,Low,175.73684210526315,0.0289193302891933,0.7916666666666666,21.5,776.5116279069767
0,diesel,turbo,four,wagon,rwd,114.2,198.9,68.4,58.7,3485,l,four,152,idi,3.7,3.52,21.0,95,4150,25,25,17075.0,peugeot,505s turbo diesel,High,179.73684210526315,0.027259684361549498,0.625,25.0,683.0
0,petrol,std,four,sedan,rwd,107.9,186.7,68.4,56.7,3075,l,four,120,mpfi,3.46,3.19,8.4,97,5000,19,24,16630.0,peugeot,504,Low,171.44329896907217,0.031544715447154474,0.8083333333333333,21.5,773.4883720930233
0,diesel,turbo,four,sedan,rwd,107.9,186.7,68.4,56.7,3252,l,four,152,idi,3.7,3.52,21.0,95,4150,28,33,17950.0,peugeot,504,High,188.94736842105263,0.02921279212792128,0.625,30.5,588.5245901639345
0,petrol,turbo,four,sedan,rwd,108.0,186.7,68.3,56.0,3130,l,four,134,mpfi,3.61,3.21,7.0,142,5600,18,24,18150.0,peugeot,604sl,,127.8169014084507,0.04536741214057508,1.0597014925373134,21.0,864.2857142857143
1,petrol,std,two,hatchback,fwd,93.7,157.3,63.8,50.8,1918,ohc,four,90,2bbl,2.97,3.23,9.4,68,5500,37,41,5572.0,plymouth,fury iii,Standard,81.94117647058823,0.035453597497393116,0.7555555555555555,39.0,142.87179487179486
1,petrol,turbo,two,hatchback,fwd,93.7,157.3,63.8,50.8,2128,ohc,four,98,spdi,3.03,3.39,7.6,102,5500,24,30,7957.0,plymouth,cricket,Low,78.00980392156863,0.047932330827067667,1.0408163265306123,27.0,294.7037037037037
1,petrol,std,four,hatchback,fwd,93.7,157.3,63.8,50.6,1967,ohc,four,90,2bbl,2.97,3.23,9.4,68,5500,31,38,6229.0,plymouth,fury iii,Standard,91.6029411764706,0.03457041179461108,0.7555555555555555,34.5,180.55072463768116
1,petrol,std,four,sedan,fwd,93.7,167.3,63.8,50.8,1989,ohc,four,90,2bbl,2.97,3.23,9.4,68,5500,31,38,6692.0,plymouth,satellite custom (sw),Standard,98.41176470588235,0.03418803418803419,0.7555555555555555,34.5,193.97101449275362
1,petrol,std,four,sedan,fwd,93.7,167.3,63.8,50.8,2191,ohc,four,98,2bbl,2.97,3.23,9.4,68,5500,31,38,7609.0,plymouth,fury gran sedan,Standard,111.8970588235294,0.031036056595162027,0.6938775510204082,34.5,220.55072463768116
-1,petrol,std,four,wagon,fwd,103.3,174.6,64.6,59.8,2535,ohc,four,122,2bbl,3.35,3.46,8.5,88,5000,24,30,8921.0,plymouth,valiant,Low,101.375,0.03471400394477318,0.7213114754098361,27.0,330.4074074074074
3,petrol,turbo,two,hatchback,rwd,95.9,173.2,66.3,50.2,2818,ohc,four,156,spdi,3.59,3.86,7.0,145,5000,19,24,12764.0,plymouth,duster,,88.02758620689656,0.05145493257629524,0.9294871794871795,21.5,593.6744186046511
3,petrol,std,two,hatchback,rwd,94.5,168.9,68.3,50.2,2778,ohc,four,151,mpfi,3.94,3.11,9.5,143,5500,19,27,22018.0,porsche,macan,Standard,153.97202797202797,0.05147588192944565,0.9470198675496688,23.0,957.304347826087
3,petrol,std,two,convertible,rwd,89.5,168.9,65.0,51.6,2756,ohcf,six,194,mpfi,3.74,2.9,9.5,207,5900,17,25,32528.0,porsche,panamera,Standard,157.1400966183575,0.07510885341074021,1.0670103092783505,21.0,1548.952380952381
3,petrol,std,two,convertible,rwd,89.5,168.9,65.0,51.6,2756,ohcf,six,194,mpfi,3.74,2.9,9.5,207,5900,17,25,34028.0,porsche,cayenne,Standard,164.38647342995168,0.07510885341074021,1.0670103092783505,21.0,1620.3809523809523
3,petrol,std,two,convertible,rwd,89.5,168.9,65.0,51.6,2800,ohcf,six,194,mpfi,3.74,2.9,9.5,207,5900,17,25,37028.0,porsche,boxter,Standard,178.87922705314008,0.07392857142857143,1.0670103092783505,21.0,1763.2380952380952
1,petrol,std,two,hatchback,rwd,98.4,175.7,72.3,50.5,3366,dohcv,eight,203,mpfi,3.94,3.11,10.0,288,5750,17,28,31400.5,porsche,cayenne,Standard,109.02951388888889,0.0855614973262032,1.4187192118226601,22.5,1395.5777777777778
0,petrol,std,four,wagon,fwd,96.1,181.5,66.5,55.2,2579,ohc,four,132,mpfi,3.46,3.9,8.7,90,5100,23,31,9295.0,renault,12tl,Low,103.27777777777777,0.03489724699495929,0.6818181818181818,27.0,344.25925925925924
2,petrol,std,two,hatchback,fwd,96.1,176.8,66.6,50.5,2460,ohc,four,132,mpfi,3.46,3.9,8.7,90,5100,23,31,9895.0,renault,5 gtl,Low,109.94444444444444,0.036585365853658534,0.6818181818181818,27.0,366.48148148148147
3,petrol,std,two,hatchback,fwd,99.1,186.6,66.5,56.1,2658,ohc,four,121,mpfi,3.54,3.07,9.31,110,5250,21,28,11850.0,saab,99e,Standard,107.72727272727273,0.04138449962377728,0.9090909090909091,24.5,483.6734693877551
2,petrol,std,four,sedan,fwd,99.1,186.6,66.5,56.1,2695,ohc,four,121,mpfi,3.54,3.07,9.3,110,5250,21,28,12170.0,saab,99le,Standard,110.63636363636364,0.04081632653061224,0.9090909090909091,24.5,496.734693877551
3,petrol,std,two,hatchback,fwd,99.1,186.6,66.5,56.1,2707,ohc,four,121,mpfi,2.54,2.07,9.3,110,5250,21,28,15040.0,saab,99le,Standard,136.72727272727272,0.04063538973032878,0.9090909090909091,24.5,613.8775510204082
2,petrol,std,four,sedan,fwd,99.1,186.6,66.5,56.1,2758,ohc,four,121,mpfi,3.54,3.07,9.3,110,5250,21,28,15510.0,saab,99gle,Standard,141.0,0.03988397389412618,0.9090909090909091,24.5,633.0612244897959
3,petrol,turbo,two,hatchback,fwd,99.1,186.6,66.5,56.1,2808,dohc,four,121,mpfi,3.54,3.07,9.0,160,5500,19,26,18150.0,saab,99gle,Low,113.4375,0.05698005698005698,1.322314049586777,22.5,806.6666666666666
2,petrol,turbo,four,sedan,fwd,99.1,186.6,66.5,56.1,2847,dohc,four,121,mpfi,3.54,3.07,9.0,160,5500,19,26,18620.0,saab,99e,Low,116.375,0.056199508254302775,1.322314049586777,22.5,827.5555555555555
2,petrol,std,two,hatchback,fwd,93.7,156.9,63.4,53.7,2050,ohcf,four,97,2bbl,3.62,2.36,9.0,69,4900,31,36,5118.0,subaru,,Low,74.17391304347827,0.033658536585365856,0.711340206185567,33.5,152.77611940298507
2,petrol,std,two,hatchback,fwd,93.7,157.9,63.6,53.7,2120,ohcf,four,108,2bbl,3.62,2.64,8.7,73,4400,26,31,7053.0,subaru,dl,Low,96.61643835616438,0.03443396226415094,0.6759259259259259,28.5,247.47368421052633
2,petrol,std,two,hatchback,4wd,93.3,157.3,63.8,55.7,2240,ohcf,four,108,2bbl,3.62,2.64,8.7,73,4400,26,31,7603.0,subaru,dl,Low,104.15068493150685,0.032589285714285716,0.6759259259259259,28.5,266.7719298245614
0,petrol,std,four,sedan,fwd,97.2,172.0,65.4,52.5,2145,ohcf,four,108,2bbl,3.62,2.64,9.5,82,4800,32,37,7126.0,subaru,,Standard,86.90243902439025,0.03822843822843823,0.7592592592592593,34.5,206.55072463768116
0,petrol,std,four,sedan,fwd,97.2,172.0,65.4,52.5,2190,ohcf,four,108,2bbl,3.62,2.64,9.5,82,4400,28,33,7775.0,subaru,brz,Standard,94.8170731707317,0.03744292237442922,0.7592592592592593,30.5,254.91803278688525
0,petrol,std,four,sedan,fwd,97.2,172.0,65.4,52.5,2340,ohcf,four,108,mpfi,3.62,2.64,9.0,94,5200,26,32,9960.0,subaru,baja,Low,105.95744680851064,0.040170940170940174,0.8703703703703703,29.0,343.44827586206895
0,petrol,std,four,sedan,4wd,97.0,172.0,65.4,54.3,2385,ohcf,four,108,2bbl,3.62,2.64,9.0,82,4800,24,25,9233.0,subaru,r1,Low,112.59756097560975,0.034381551362683435,0.7592592592592593,24.5,376.85714285714283
0,petrol,turbo,four,sedan,4wd,97.0,172.0,65.4,54.3,2510,ohcf,four,108,mpfi,3.62,2.64,7.7,111,4800,24,29,11259.0,subaru,r2,Low,101.43243243243244,0.044223107569721115,1.0277777777777777,26.5,424.8679245283019
0,petrol,std,four,wagon,fwd,97.0,173.5,65.4,53.0,2290,ohcf,four,108,2bbl,3.62,2.64,9.0,82,4800,28,32,7463.0,subaru,trezia,Low,91.01219512195122,0.03580786026200873,0.7592592592592593,30.0,248.76666666666668
0,petrol,std,four,wagon,fwd,97.0,173.5,65.4,53.0,2455,ohcf,four,108,mpfi,3.62,2.64,9.0,94,5200,25,31,10198.0,subaru,tribeca,Low,108.48936170212765,0.038289205702647655,0.8703703703703703,28.0,364.2142857142857
0,petrol,std,four,wagon,4wd,96.9,173.6,65.4,54.9,2420,ohcf,four,108,2bbl,3.62,2.64,9.0,82,4800,23,29,8013.0,subaru,dl,Low,97.71951219512195,0.033884297520661154,0.7592592592592593,26.0,308.1923076923077
0,petrol,turbo,four,wagon,4wd,96.9,173.6,65.4,54.9,2650,ohcf,four,108,mpfi,3.62,2.64,7.7,111,4800,23,23,11694.0,subaru,dl,Low,105.35135135135135,0.04188679245283019,1.0277777777777777,23.0,508.4347826086956
1,petrol,std,two,hatchback,fwd,95.7,158.7,63.6,54.5,1985,ohc,four,92,2bbl,3.05,3.03,9.0,62,4800,35,39,5348.0,toyota,corona mark ii,Low,86.25806451612904,0.031234256926952142,0.6739130434782609,37.0,144.54054054054055
1,petrol,std,two,hatchback,fwd,95.7,158.7,63.6,54.5,2040,ohc,four,92,2bbl,3.05,3.03,9.0,62,4800,31,38,6338.0,toyota,corona,Low,102.2258064516129,0.030392156862745098,0.6739130434782609,34.5,183.71014492753622
1,petrol,std,four,hatchback,fwd,95.7,158.7,63.6,54.5,2015,ohc,four,92,2bbl,3.05,3.03,9.0,62,4800,31,38,6488.0,toyota,corolla 1200,Low,104.64516129032258,0.03076923076923077,0.6739130434782609,34.5,188.05797101449275
0,petrol,std,four,wagon,fwd,95.7,169.7,63.6,59.1,2280,ohc,four,92,2bbl,3.05,3.03,9.0,62,4800,31,37,6918.0,toyota,corona hardtop,Low,111.58064516129032,0.027192982456140352,0.6739130434782609,34.0,203.47058823529412
0,petrol,std,four,wagon,4wd,95.7,169.7,63.6,59.1,2290,ohc,four,92,2bbl,3.05,3.03,9.0,62,4800,27,32,7898.0,toyota,corolla 1600 (sw),Low,127.38709677419355,0.027074235807860263,0.6739130434782609,29.5,267.728813559322
0,petrol,std,four,wagon,4wd,95.7,169.7,63.6,59.1,3110,ohc,four,92,2bbl,3.05,3.03,9.0,62,4800,27,32,8778.0,toyota,carina,Low,141.58064516129033,0.019935691318327974,0.6739130434782609,29.5,297.5593220338983
0,petrol,std,four,sedan,fwd,95.7,166.3,64.4,53.0,2081,ohc,four,98,2bbl,3.19,3.03,9.0,70,4800,30,37,6938.0,toyota,mark ii,Low,99.11428571428571,0.03363767419509851,0.7142857142857143,33.5,207.1044776119403
0,petrol,std,four,hatchback,fwd,95.7,166.3,64.4,52.8,2109,ohc,four,98,2bbl,3.19,3.03,9.0,70,4800,30,37,7198.0,toyota,corolla 1200,Low,102.82857142857142,0.03319108582266477,0.7142857142857143,33.5,214.86567164179104
0,diesel,std,four,sedan,fwd,95.7,166.3,64.4,53.0,2275,ohc,four,110,idi,3.27,3.35,22.5,56,4500,34,36,7898.0,toyota,corona,High,141.03571428571428,0.024615384615384615,0.509090909090909,35.0,225.65714285714284
0,diesel,std,four,hatchback,fwd,95.7,166.3,64.4,52.8,2275,ohc,four,110,idi,3.27,3.35,22.5,56,4500,38,47,7788.0,toyota,corolla,High,139.07142857142858,0.024615384615384615,0.509090909090909,42.5,183.24705882352941
0,petrol,std,four,sedan,fwd,95.7,166.3,64.4,53.0,2094,ohc,four,98,2bbl,3.19,3.03,9.0,70,4800,38,47,7738.0,toyota,corona,Low,110.54285714285714,0.033428844317096466,0.7142857142857143,42.5,182.0705882352941
0,petrol,std,four,hatchback,fwd,95.7,166.3,64.4,52.8,2122,ohc,four,98,2bbl,3.19,3.03,9.0,70,4800,28,34,8358.0,toyota,corolla,Low,119.4,0.03298774740810556,0.7142857142857143,31.0,269.61290322580646
0,petrol,std,four,sedan,fwd,95.7,166.3,64.4,52.8,2140,ohc,four,98,2bbl,3.19,3.03,9.0,70,4800,28,34,9258.0,toyota,mark ii,Low,132.25714285714287,0.03271028037383177,0.7142857142857143,31.0,298.64516129032256
1,petrol,std,two,sedan,rwd,94.5,168.7,64.0,52.6,2169,ohc,four,98,2bbl,3.19,3.03,9.0,70,4800,29,34,8058.0,toyota,corolla liftback,Low,115.11428571428571,0.03227293683725219,0.7142857142857143,31.5,255.8095238095238
1,petrol,std,two,hatchback,rwd,94.5,168.7,64.0,52.6,2204,ohc,four,98,2bbl,3.19,3.03,9.0,70,4800,29,34,8238.0,toyota,corona,Low,117.68571428571428,0.03176043557168784,0.7142857142857143,31.5,261.5238095238095
1,petrol,std,two,sedan,rwd,94.5,168.7,64.0,52.6,2265,dohc,four,98,mpfi,3.24,3.08,9.4,112,6600,26,29,9298.0,toyota,celica gt liftback,Standard,83.01785714285714,0.04944812362030905,1.1428571428571428,27.5,338.1090909090909
1,petrol,std,two,hatchback,rwd,94.5,168.7,64.0,52.6,2300,dohc,four,98,mpfi,3.24,3.08,9.4,112,6600,26,29,9538.0,toyota,corolla tercel,Standard,85.16071428571429,0.04869565217391304,1.1428571428571428,27.5,346.8363636363636
2,petrol,std,two,convertible,rwd,98.4,176.2,65.6,52.0,2540,ohc,four,146,mpfi,3.62,3.5,9.3,116,4800,24,30,8449.0,toyota,corona liftback,Standard,72.83620689655173,0.04566929133858268,0.7945205479452054,27.0,312.9259259259259
2,petrol,std,two,convertible,rwd,98.4,176.2,65.6,52.0,2536,ohc,four,146,mpfi,3.62,3.5,9.3,116,4800,24,30,9639.0,toyota,corolla,Standard,83.09482758620689,0.04574132492113565,0.7945205479452054,27.0,357.0
2,petrol,std,two,hatchback,rwd,98.4,176.2,65.6,52.0,2551,ohc,four,146,mpfi,3.62,3.5,9.3,116,4800,24,30,9989.0,toyota,starlet,Standard,86.11206896551724,0.04547236377891023,0.7945205479452054,27.0,369.962962962963
2,petrol,std,two,convertible,rwd,98.4,176.2,65.6,52.0,2679,ohc,four,146,mpfi,3.62,3.5,9.3,116,4800,24,30,11199.0,toyota,tercel,Standard,96.54310344827586,0.04329973870847331,0.7945205479452054,27.0,414.77777777777777
2,petrol,std,two,hatchback,rwd,98.4,176.2,65.6,52.0,2714,ohc,four,146,mpfi,3.62,3.5,9.3,116,4800,24,30,11549.0,toyota,corolla,Standard,99.5603448275862,0.04274134119380987,0.7945205479452054,27.0,427.74074074074076
2,petrol,std,two,convertible,rwd,98.4,176.2,65.6,53.0,2975,ohc,four,146,mpfi,3.62,3.5,9.3,116,4800,24,30,17669.0,toyota,cressida,Standard,152.31896551724137,0.038991596638655465,0.7945205479452054,27.0,654.4074074074074
-1,petrol,std,four,sedan,fwd,102.4,175.6,66.5,54.9,2326,ohc,four,122,mpfi,3.31,3.54,8.7,92,4200,29,34,8948.0,toyota,corolla,Low,97.26086956521739,0.03955288048151333,0.7540983606557377,31.5,284.06349206349205
-1,diesel,turbo,four,sedan,fwd,102.4,175.6,66.5,54.9,2480,ohc,four,110,idi,3.27,3.35,22.5,73,4500,30,33,10698.0,toyota,celica gt,High,146.54794520547946,0.02943548387096774,0.6636363636363637,31.5,339.6190476190476
-1,petrol,std,four,hatchback,fwd,102.4,175.6,66.5,53.9,2414,ohc,four,122,mpfi,3.31,3.54,8.7,92,4200,27,32,9988.0,toyota,corona,Low,108.56521739130434,0.03811101905550953,0.7540983606557377,29.5,338.5762711864407
-1,petrol,std,four,sedan,fwd,102.4,175.6,66.5,54.9,2414,ohc,four,122,mpfi,3.31,3.54,8.7,92,4200,27,32,10898.0,toyota,corolla,Low,118.45652173913044,0.03811101905550953,0.7540983606557377,29.5,369.4237288135593
-1,petrol,std,four,hatchback,fwd,102.4,175.6,66.5,53.9,2458,ohc,four,122,mpfi,3.31,3.54,8.7,92,4200,27,32,11248.0,toyota,mark ii,Low,122.26086956521739,0.03742880390561432,0.7540983606557377,29.5,381.2881355932203
3,petrol,std,two,hatchback,rwd,102.9,183.5,67.7,52.0,2976,dohc,six,171,mpfi,3.27,3.35,9.3,161,5200,20,24,16558.0,toyota,corolla liftback,Standard,102.84472049689441,0.0540994623655914,0.9415204678362573,22.0,752.6363636363636
3,petrol,std,two,hatchback,rwd,102.9,183.5,67.7,52.0,3016,dohc,six,171,mpfi,3.27,3.35,9.3,161,5200,19,24,15998.0,toyota,corona,Standard,99.36645962732919,0.05338196286472149,0.9415204678362573,21.5,744.0930232558139
-1,petrol,std,four,sedan,rwd,104.5,187.8,66.5,54.1,3131,dohc,six,171,mpfi,3.27,3.35,9.2,156,5200,20,24,15690.0,toyota,starlet,Standard,100.57692307692308,0.049824337272436924,0.9122807017543859,22.0,713.1818181818181
-1,petrol,std,four,wagon,rwd,104.5,187.8,66.5,54.1,3151,dohc,six,161,mpfi,3.27,3.35,9.2,156,5200,19,24,15750.0,toyota,tercel,Standard,100.96153846153847,0.04950809266899397,0.968944099378882,21.5,732.5581395348837
2,diesel,std,two,sedan,fwd,97.3,171.7,65.5,55.7,2261,ohc,four,97,idi,3.01,3.4,23.0,52,4800,37,46,7775.0,volkswagen,rabbit,High,149.51923076923077,0.022998673153471916,0.5360824742268041,41.5,187.34939759036143
2,petrol,std,two,sedan,fwd,97.3,171.7,65.5,55.7,2209,ohc,four,109,mpfi,3.19,3.4,9.0,85,5250,27,34,7975.0,volkswagen,1131 deluxe sedan,Low,93.82352941176471,0.03847894975101856,0.7798165137614679,30.5,261.4754098360656
2,diesel,std,four,sedan,fwd,97.3,171.7,65.5,55.7,2264,ohc,four,97,idi,3.01,3.4,23.0,52,4800,37,46,7995.0,volkswagen,model 111,High,153.75,0.022968197879858657,0.5360824742268041,41.5,192.65060240963857
2,petrol,std,four,sedan,fwd,97.3,171.7,65.5,55.7,2212,ohc,four,109,mpfi,3.19,3.4,9.0,85,5250,27,34,8195.0,volkswagen,type 3,Low,96.41176470588235,0.03842676311030741,0.7798165137614679,30.5,268.6885245901639
2,petrol,std,four,sedan,fwd,97.3,171.7,65.5,55.7,2275,ohc,four,109,mpfi,3.19,3.4,9.0,85,5250,27,34,8495.0,volkswagen,411 (sw),Low,99.94117647058823,0.03736263736263736,0.7798165137614679,30.5,278.5245901639344
2,diesel,turbo,four,sedan,fwd,97.3,171.7,65.5,55.7,2319,ohc,four,97,idi,3.01,3.4,23.0,68,4500,37,42,9495.0,volkswagen,super beetle,High,139.63235294117646,0.029322984044846918,0.7010309278350515,39.5,240.37974683544303
2,petrol,std,four,sedan,fwd,97.3,171.7,65.5,55.7,2300,ohc,four,109,mpfi,3.19,3.4,10.0,100,5500,26,32,9995.0,volkswagen,dasher,Standard,99.95,0.043478260869565216,0.9174311926605505,29.0,344.6551724137931
3,petrol,std,two,convertible,fwd,94.5,159.3,64.2,55.6,2254,ohc,four,109,mpfi,3.19,3.4,8.5,90,5500,24,29,11595.0,volkswagen,dasher,Low,128.83333333333334,0.03992901508429459,0.8256880733944955,26.5,437.54716981132077
3,petrol,std,two,hatchback,fwd,94.5,165.7,64.0,51.4,2221,ohc,four,109,mpfi,3.19,3.4,8.5,90,5500,24,29,9980.0,volkswagen,rabbit,Low,110.88888888888889,0.040522287257991896,0.8256880733944955,26.5,376.60377358490564
0,petrol,std,four,sedan,fwd,100.4,180.2,66.9,55.1,2661,ohc,five,136,mpfi,3.19,3.4,8.5,110,5500,19,24,13295.0,volkswagen,rabbit,Low,120.86363636363636,0.04133784291619692,0.8088235294117647,21.5,618.3720930232558
0,diesel,turbo,four,sedan,fwd,100.4,180.2,66.9,55.1,2579,ohc,four,97,idi,3.01,3.4,23.0,68,4500,33,38,13845.0,volkswagen,rabbit custom,High,203.60294117647058,0.026366808840635907,0.7010309278350515,35.5,390.0
0,petrol,std,four,wagon,fwd,100.4,183.1,66.9,55.1,2563,ohc,four,109,mpfi,3.19,3.4,9.0,88,5500,25,31,12290.0,volkswagen,dasher,Low,139.6590909090909,0.034334763948497854,0.8073394495412844,28.0,438.92857142857144
-2,petrol,std,four,sedan,rwd,104.3,188.8,67.2,56.2,2912,ohc,four,141,mpfi,3.78,3.15,9.5,114,5400,23,28,12940.0,volvo,145e (sw),Standard,113.50877192982456,0.03914835164835165,0.8085106382978723,25.5,507.45098039215685
-1,petrol,std,four,wagon,rwd,104.3,188.8,67.2,57.5,3034,ohc,four,141,mpfi,3.78,3.15,9.5,114,5400,23,28,13415.0,volvo,144ea,Standard,117.67543859649123,0.037574159525379035,0.8085106382978723,25.5,526.0784313725491
-2,petrol,std,four,sedan,rwd,104.3,188.8,67.2,56.2,2935,ohc,four,141,mpfi,3.78,3.15,9.5,114,5400,24,28,15985.0,volvo,244dl,Standard,140.21929824561403,0.03884156729131175,0.8085106382978723,26.0,614.8076923076923
-1,petrol,std,four,wagon,rwd,104.3,188.8,67.2,57.5,3042,ohc,four,141,mpfi,3.78,3.15,9.5,114,5400,24,28,16515.0,volvo,245,Standard,144.8684210526316,0.03747534516765286,0.8085106382978723,26.0,635.1923076923077
-2,petrol,turbo,four,sedan,rwd,104.3,188.8,67.2,56.2,3045,ohc,four,130,mpfi,3.62,3.15,7.5,162,5100,17,22,18420.0,volvo,264gl,Low,113.70370370370371,0.053201970443349754,1.2461538461538462,19.5,944.6153846153846
-1,petrol,turbo,four,wagon,rwd,104.3,188.8,67.2,57.5,3157,ohc,four,130,mpfi,3.62,3.15,7.5,162,5100,17,22,18950.0,volvo,diesel,Low,116.9753086419753,0.05131453911941717,1.2461538461538462,19.5,971.7948717948718
-1,petrol,std,four,sedan,rwd,109.1,188.8,68.9,55.5,2952,ohc,four,141,mpfi,3.78,3.15,9.5,114,5400,23,28,16845.0,volvo,145e (sw),Standard,147.76315789473685,0.03861788617886179,0.8085106382978723,25.5,660.5882352941177
-1,petrol,turbo,four,sedan,rwd,109.1,188.8,68.8,55.5,3049,ohc,four,141,mpfi,3.78,3.15,8.7,160,5300,19,25,19045.0,volvo,144ea,Low,119.03125,0.05247622171203673,1.1347517730496455,22.0,865.6818181818181
-1,petrol,std,four,sedan,rwd,109.1,188.8,68.9,55.5,3012,ohcv,six,173,mpfi,3.58,2.87,8.8,134,5500,18,23,21485.0,volvo,244dl,Low,160.33582089552237,0.04448871181938911,0.7745664739884393,20.5,1048.0487804878048
-1,diesel,turbo,four,sedan,rwd,109.1,188.8,68.9,55.5,3217,ohc,six,145,idi,3.01,3.4,23.0,106,4800,26,27,22470.0,volvo,246,High,211.9811320754717,0.032949953372707494,0.7310344827586207,26.5,847.9245283018868
-1,petrol,turbo,four,sedan,rwd,109.1,188.8,68.9,55.5,3062,ohc,four,141,mpfi,3.78,3.15,9.5,114,5400,19,25,22625.0,volvo,264gl,Standard,198.46491228070175,0.037230568256041804,0.8085106382978723,22.0,1028.409090909091
